Country,MCC,MNC,Brand,Operator
__,001,01,TEST,Test Network
GE,289,67,Aquafon,Aquafon
GE,289,88,A-Mobile,A-Mobile
AF,412,01,AWCC,Afghan Wireless Communication Company
AF,412,20,Roshan,Telecom Development Company Afghanistan Ltd.
AF,412,40,MTN,MTN Group Afghanistan
AF,412,50,Etisalat,Etisalat Afghanistan
AL,76,01,AMC,Albanian Mobile Communications
AL,276,02,Vodafone,Vodafone Albania
AL,276,03,Eagle Mobile,Eagle Mobile
AL,276,04,Plus Communication,Plus Communication
DZ,603,01,Mobilis,ATM Mobilis
DZ,603,02,Djezzy,Orascom Telecom Algerie Spa
DZ,603,03,Nedjma,Wataniya Telecom Algerie
AS,44,11,Bluesky,Bluesky
AD,213,03,Mobiland,Servei De Tele. DAndorra
AO,631,02,UNITEL,UNITEL S.a.r.l.
AO,631,04,MOVICEL,MOVICEL Telecommunications S.a.
AI,365,010,,Weblinks Limited
AI,365,840,,Cable & Wireless
AG,344,030,APUA,Antigua Public Utilities Authority
AG,344,920,LIME,Cable & Wireless Caribbean Cellular (Antigua) Limited
AG,338,050,Digicel,Antigua Wireless Ventures Limited
AR,722,010,Movistar,Telefonica Móviles Argentina SA
AR,722,020,Nextel,NII Holdings
AR,722,070,Movistar,Telefonica Móviles Argentina SA
AR,722,310,Claro,AMX Argentina S.A
AR,722,320,Claro,AMX Argentina S.A
AR,722,330,Claro,AMX Argentina S.A
AR,722,34,Personal,Telecom Personal SA
AR,722,341,Personal,Telecom Personal SA
AR,722,350,,Hutchinson (PORT HABLE)
AR,722,36,Personal,Telecom Personal SA
AM,283,01,Beeline,ArmenTel
AM,283,05,VivaCell-MTS,K Telecom CJSC
AM,283,10,Orange,
AW,363,01,SETAR,Servicio di Telecomunicacion di Aruba
AW,363,02,Digicel,
AU,505,01,Telstra,Telstra Corporation Limited
AU,505,02,Optus,Singtel Optus Proprietary Limited
AU,505,03,Vodafone,Vodafone Hutchison Australia Proprietary Limited
AU,505,04,,Department of Defence
AU,505,05,Ozitel,
AU,505,06,3,Vodafone Hutchison Australia Proprietary Limited
AU,505,08,One.Tel,One.Tel Limited
AU,505,09,Airnet,
AU,505,12,3,Vodafone Hutchison Australia Proprietary Limited
AU,505,13,Railcorp,Rail Corporation New South Wales
AU,505,14,AAPT,Telecom New Zealand
AU,505,15,3GIS,
AU,505,16,Victorian Rail Track,
AU,505,21,SOUL,TPG Telecom Limited
AU,505,24,Advance Communications Technologies Pty. Ltd.,
AU,505,38,Crazy John's,Vodafone Hutchison Australia Proprietary Limited
AU,505,71,Telstra,Telstra Corporation Limited
AU,505,72,Telstra,Telstra Corporation Limited
AU,505,88,Localstar Holding Pty. Ltd.,
AU,505,90,Optus,Singtel Optus Proprietary Limited
AU,505,99,One.Tel,One.Tel
AT,232,01,A1,A1 Telekom Austria
AT,232,03,T-Mobile,T-Mobile Austria
AT,232,05,Orange,Orange Austria
AT,232,07,tele.ring,T-Mobile Austria
AT,232,09,A1,A1 Telekom Austria
AT,232,10,3,Hutchison 3G
AT,232,11,bob,A1 Telekom Austria
AT,232,12,yesss,yesss
AT,232,14,3,Hutchison 3G
AT,232,15,Barablu,Barablu Mobile Ltd.
AT,232,91,GSM-R A,ÖBB
AZ,400,01,Azercell,
AZ,400,02,Bakcell,
AZ,400,03,FONEX,CATEL
AZ,400,04,Nar Mobile,Azerfon
BS,364,390,BaTelCo,The Bahamas Telecommunications Company Ltd
BH,426,01,Batelco,Bahrain Telecommunications Company
BH,426,02,zain BH,Zain Bahrain
BH,426,04,VIVA,Viva Bahrain
BD,470,01,Grameenphone,GrameenPhone Ltd
BD,470,02,Robi,Axiata Bangladesh Ltd.
BD,470,03,Banglalink,Orascom Telecom Holding
BD,470,04,TeleTalk,
BD,470,05,Citycell,
BD,470,06,Airtel formerly Warid Telcom,Bharti airtel Bangladesh Ltd.
BB,342,600,LIME,LIME (formerly known as Cable & Wireless)
BB,342,750,Digicel,Digicel (Barbados) Limited
BB,342,820,,Sunbeach Communications
BY,257,01,velcom,
BY,257,02,MTS,Mobile TeleSystems
BY,257,03,DIALLOG,BelCel
BY,257,04,life:),Belarussian Telecommunications Network
BY,257,501,BelCel JV,
BE,206,01,Proximus,Belgacom Mobile
BE,206,05,Telenet,Telenet
BE,206,10,Mobistar,France Telecom
BE,206,20,BASE,KPN
BZ,702,67,DigiCell,Belize Telemedia
BZ,702,99,Smart,SpeedNet Communications Limited
BJ,616,01,Libercom,Benin Telecoms Mobile
BJ,616,02,Moov,Telecel Benin
BJ,616,03,MTN,Spacetel Benin
BJ,616,04,BBCOM,Bell Benin Communications
BJ,616,05,Glo,Glo Communication Benin
BM,350,01,Digicel Bermuda,Telecommunications (Bermuda & West Indies) Ltd
BM,350,02,Mobility,M3 Wireless
BM,338,050,Digicel Bermuda,
BM,310,59,Cellular One,
BT,402,11,B-Mobile,B-Mobile
BT,402,77,TashiCell,Tashi InfoComm Limited
BO,736,01,Nuevatel,Nuevatel PCS De Bolivia SA
BO,736,02,Entel,Entel SA
BO,736,03,Tigo,Telefonica Celular De Bolivia S.A
BA,218,03,HT-ERONET,Public Enterprise Croatian Telecom Ltd.
BA,218,05,m:tel,RS Telecommunications JSC Banja Luka
BA,218,90,BH Mobile,BH Telecom
BW,652,01,Mascom,Mascom Wireless (Pty) Limited
BW,652,02,Orange,Orange (Botswana) Pty Limited
BW,652,04,BTC Mobile,Botswana Telecommunications Corporation
BR,724,00,Nextel,"NII Holdings, Inc."
BR,724,02,TIM,Telecom Italia Mobile
BR,724,03,TIM,Telecom Italia Mobile
BR,724,04,TIM,Telecom Italia Mobile
BR,724,05,Claro BR,Claro
BR,724,06,Vivo,Vivo S.A.
BR,724,07,Sercomtel,Sercomtel Celular
BR,724,10,Vivo,Vivo S.A.
BR,724,11,Vivo,Vivo S.A.
BR,724,15,CTBC Celular,CTBC Celular S.A.
BR,724,16,Brasil Telecom GSM,Brasil Telecom GSM
BR,724,23,Vivo,Vivo S.A.
BR,724,31,Oi,TNL PCS
BR,724,32,CTBC Celular,CTBC Celular S.A.
BR,724,33,CTBC Celular,CTBC Celular S.A.
BR,724,34,CTBC Celular,CTBC Celular S.A.
BR,724,39,Nextel,"NII Holdings, Inc."
VG,348,170,LIME,Cable & Wireless
VG,348,570,CCT Boatphone,Caribbean Cellular Telephone
VG,348,770,Digicel,Digicel (BVI) Limited
BN,528,01,,Jabatan Telekom Brunei
BN,528,02,B-Mobile,B-Mobile Communications Sdn Bhd
BN,528,11,DSTCom,Data Stream Technology
BG,284,01,M-Tel,Mobiltel
BG,284,03,Vivacom,BTC
BG,284,04,Undisclosed,Undisclosed
BG,284,05,GLOBUL,Cosmo Bulgaria Mobile
BF,613,01,Telmob,Onatal
BF,613,02,Zain,Celtel Burkina Faso
BF,613,03,Telecel Faso,Telecel Faso SA
BI,642,01,Spacetel,Econet Wireless Burundi PLC
BI,642,02,Africell,Africell PLC
BI,642,03,Onatel,Onatel
BI,642,07,Smart Mobile,LACELL SU
BI,642,08,HiTs Telecom,HiTs Telecom
BI,642,82,U-COM Burundi,U-COM Burundi S.A.
KH,456,01,Mobitel,CamGSM
KH,456,02,hello,Telekom Malaysia International (Cambodia) Co. Ltd
KH,456,03,,S Telecom
KH,456,04,qb,Cambodia Advance Communications Co. Ltd
KH,456,05,Star-Cell,APPLIFONE CO. LTD.
KH,456,06,Smart Mobile,"Latelz Co., Ltd"
KH,456,18,Mfone,Camshin / Shinawatra
KH,456,11,Excell,
KH,456,09,Beeline,Sotelco Ltd.
KH,456,08,Metfone,Viettel
CM,624,01,MTN Cameroon,Mobile Telephone Network Cameroon Ltd
CM,624,02,Orange,Orange Cameroun S.A.
CA,302,220,Telus,Telus Mobility
CA,302,221,Telus,Telus Mobility
CA,302,270,unknown,EastLink
CA,302,290,,Airtel Wireless
CA,302,320,Mobilicity,DAVE Wireless
CA,302,350,FIRST,FIRST Networks Operations
CA,302,360,MiKe,Telus Mobility
CA,302,361,Telus,Telus Mobility
CA,302,370,Fido,Fido Solutions (Rogers Wireless)
CA,302,380,DMTS,Dryden Mobility
CA,302,490,WIND Mobile,Globalive Communications
CA,302,500,Videotron,Videotron
CA,302,510,Videotron,Videotron
CA,302,610,Bell,Bell Mobility
CA,302,610,Bell,Virgin Mobile Canada
CA,302,620,ICE Wireless,ICE Wireless
CA,302,640,Bell,Bell Mobility
CA,302,652,,BC Tel Mobility (Telus)
CA,302,653,Telus,Telus Mobility
CA,302,655,MTS,MTS Mobility
CA,302,656,TBay,Thunder Bay Telephone Mobility
CA,302,657,Telus,Telus Mobility
CA,302,660,MTS,MTS Mobility
CA,302,680,SaskTel,SaskTel Mobility
CA,302,701,,MB Tel Mobility
CA,302,702,,MT&T Mobility (Aliant)
CA,302,703,,New Tel Mobility (Aliant)
CA,302,710,Globalstar,
CA,302,720,Rogers Wireless,Rogers Communications
CA,302,780,SaskTel,SaskTel Mobility
CA,302,880,Bell / Telus / SaskTel,"Shared Telus, Bell, and SaskTel"
CV,625,01,CVMOVEL,"CVMovel, S.A."
CV,625,02,T+,T+
KY,346,140,LIME,Cable & Wireless (Cayman Islands) Limited
KY,346,50,Digicel,Digicel Cayman Ltd.
CF,623,01,CTP,Centrafrique Telecom Plus
CF,623,02,TC,Telecel Centrafrique
CF,623,03,Orange,Orange RCA
CF,623,04,Nationlink,Nationlink Telecom RCA
TD,622,01,Airtel,Bharti Airtel SA
TD,622,02,,Tchad Mobile
TD,622,03,,TIGO - Millicom
TD,622,04,Salam,Sotel Mobile
CL,730,01,entel,Entel PCS Telecomunicaciones S.A.
CL,730,02,movistar,Telefónica Móvil de Chile
CL,730,03,Claro,Claro Chile S.A.
CL,730,04,Nextel,Centennial Cayman Corp. Chile
CL,730,08,VTR Móvil,VTR S.A.
CL,730,09,Nextel,Centennial Cayman Corp. Chile
CL,730,10,entel,Entel Telefonía Móvil S.A.
CL,730,99,Will,WILL Telefonía
CN,460,00,China Mobile,China Mobile
CN,460,01,China Unicom,China Unicom
CN,460,02,China Mobile,China Mobile
CN,460,03,China Telecom,China Telecom
CN,460,05,China Telecom,China Telecom
CN,460,06,China Unicom,China Unicom
CN,460,07,China Mobile,China Mobile
CN,460,20,China Tietong,China Tietong
CO,732,001,,Colombia Telecomunicaciones S.A.
CO,732,002,Edatel,Edatel S.A.
CO,732,101,Comcel,Comcel Colombia
CO,732,102,movistar,Bellsouth Colombia
CO,732,103,Tigo,Colombia Móvil
CO,732,111,Tigo,Colombia Móvil
CO,732,123,movistar,Telefónica Móviles Colombia
KM,654,01,,HURI - SNPT
CG,629,01,Airtel,Celtel Congo
CG,629,10,Libertis Telecom,MTN CONGO S.A
CG,629,07,,Warid Telecom
CK,548,01,,Telecom Cook
CR,712,01,Kolbi ICE,Instituto Costarricense de Electricidad
CR,712,02,Kolbi ICE,Instituto Costarricense de Electricidad
CR,712,03,Claro,Claro CR Telecomunicaciones
CR,712,04,movistar,Telefonica Móviles Costa Rica
HR,219,01,T-Mobile,T-Mobile Croatia
HR,219,02,Tele2,Tele2
HR,219,10,Vip,Vipnet
CU,368,01,CUBACEL,"Empresa de Telecomunicaciones de Cuba, SA"
CY,280,01,Cytamobile-Vodafone,Cyprus Telecommunications Auth
CY,280,10,MTN,Areeba Ltd
CZ,230,01,T-Mobile,T-Mobile Czech Republic
CZ,230,02,O2,Telefónica Czech Republic
CZ,230,03,Vodafone,Vodafone Czech Republic
CZ,230,04,U:fon,"MobilKom, a. s."
CZ,230,05,,"TRAVEL TELEKOMMUNIKATION, s.r.o."
CZ,230,06,,"OSNO TELECOMUNICATION, s.r.o."
CZ,230,98,,"Správa železniční dopravní cesty, s.o."
CZ,230,99,Vodafone,Vodafone Czech Republic
CD,630,01,Vodacom,Vodacom Congo RDC sprl
CD,630,02,Zain,Celtel Congo
CD,630,04,,Cellco
CD,630,05,Supercell,Supercell SPRL
CD,630,10,Libertis Telecom,
CD,630,86,CCT,Congo-Chine Telecom s.a.r.l.
CD,630,89,SAIT Telecom,OASIS SPRL
DK,238,01,TDC,TDC A/S
DK,238,02,Telenor,Telenor Denmark
DK,238,03,,MIGway A/S
DK,238,05,,ApS KBUS
DK,238,06,3,Hi3G Denmark ApS
DK,238,07,,Barablu Mobile Ltd.
DK,238,09,,Dansk Beredskabskommunikation A/S
DK,238,10,TDC,TDC A/S
DK,238,11,,Dansk Beredskabskommunikation A/S
DK,238,12,,Lycamobile Denmark Ltd
DK,238,20,Telia,
DK,238,30,Telia,Telia Nättjänster Norden AB
DK,238,40,,Ericsson Danmark A/S
DK,238,77,Telenor,Telenor Denmark
DJ,638,01,Evatis,Djibouti Telecom SA
DM,366,020,Digicel,Digicel Group Limited
DM,366,110,,Cable & Wireless
DO,370,01,Orange,Orange Dominicana
DO,370,02,Claro,"Compañía Dominicana de Teléfonos, C por"
DO,370,03,Tricom,Tricom S.A.
DO,370,04,Viva,"Trilogy Dominicana, S.A."
TL,514,02,,Timor Telecom
EC,740,00,Movistar,Otecel S.A.
EC,740,01,Claro,CONECEL S.A.
EC,740,02,Alegro,Corporación Nacional de Telecomunicaciones CNT EP
EG,602,01,Mobinil,ECMS-Mobinil
EG,602,02,Vodafone,Vodafone Egypt
EG,602,03,Etisalat,Etisalat Egypt
SV,706,01,CTE Telecom Personal,CTE Telecom Personal SA de CV
SV,706,02,digicel,Digicel Group
SV,706,03,Tigo,Telemovil EL Salvador S.A.
SV,706,04,movistar,Telefónica Móviles El Salvador
SV,706,11,Claro,América Móvil
GQ,627,01,Orange GQ,GETESA
GQ,627,03,Hits GQ,HiTs EG.SA
ER,657,01,Eritel,Eritrea Telecommunications Services Corporation
EE,248,01,EMT,Estonian Mobile Telecom
EE,248,02,Elisa,Elisa Eesti
EE,248,03,Tele 2,Tele 2 Eesti
EE,248,04,,OY Top Connect
EE,248,05,,AS Bravocom Mobiil
EE,248,06,,Progroup Holding
ET,636,01,ETH-MTN,Ethio Telecom
FO,288,01,Faroese Telecom,Faroese Telecom
FO,288,02,Vodafone,Vodafone Faroe Islands
FJ,542,01,Vodafone,Vodafone Fiji
FJ,542,02,Digicel,Digicel Fiji
FI,244,03,DNA,DNA Oy
FI,244,05,Elisa,Elisa Oyj
FI,244,07,Nokia,Nokia Test Network
FI,244,08,,Unknown
FI,244,10,,TDC Oy
FI,244,11,VIRVE,Suomen Erillisverkot Oy
FI,244,12,DNA,DNA Oy
FI,244,14,AMT,Ålands Mobiltelefon
FI,244,15,SAMK,Samk student network
FI,244,21,Saunalahti,Elisa Oyj
FI,244,29,,Scnl Truphone
FI,244,91,Sonera,TeliaSonera Finland Oyj
FR,208,00,Orange,France Télécom
FR,208,01,Orange,France Télécom
FR,208,02,Orange,France Télécom
FR,208,05,,Globalstar Europe
FR,208,06,,Globalstar Europe
FR,208,07,,Globalstar Europe
FR,208,10,SFR,Vivendi
FR,208,11,SFR,Vivendi
FR,208,13,SFR,Vivendi
FR,208,14,Free Mobile,Iliad
FR,208,15,Free Mobile,Iliad
FR,208,20,Bouygues,Bouygues Telecom
FR,208,21,Bouygues,Bouygues Telecom
FR,208,22,Transatel Mobile,Transatel
FR,208,88,Bouygues,Bouygues Telecom
PF,547,20,Vini,Tikiphone SA
GA,628,01,Libertis,Gabon Telecom & Libertis S.A.
GA,628,02,Moov,Atlantique Télécom (Etisalat Group) Gabon S.A.
GA,628,03,Airtel,Airtel Gabon S.A.
GA,628,04,Azur,USAN Gabon S.A.
GM,607,01,Gamcel,Gamcel
GM,607,02,Africel,Africel
GM,607,03,Comium,Comium
GM,607,04,QCell,QCell Gambia
GE,282,01,Geocell,Geocell Limited
GE,282,02,MagtiCom,Magticom GSM
GE,282,03,MagtiCom,Magtifix
GE,282,04,Beeline,Mobitel LLC
GE,282,05,Silknet,Silknet CDMA
DE,262,01,T-Mobile,T-Mobile Deutschland GmbH
DE,262,02,Vodafone,Vodafone D2 GmbH
DE,262,03,E-Plus,E-Plus Mobilfunk
DE,262,04,Vodafone,
DE,262,05,E-Plus,E-Plus Mobilfunk
DE,262,06,T-Mobile,
DE,262,07,O2,O2 (Germany) GmbH & Co. OHG
DE,262,08,O2,
DE,262,09,Vodafone,
DE,262,10,,Arcor AG & Co
DE,262,11,O2,
DE,262,12,,Dolphin Telecom
DE,262,13,,Mobilcom Multimedia
DE,262,14,,Group 3G UMTS
DE,262,15,Airdata,
DE,262,16,Vistream,
DE,262,42,27C3,Chaos Computer Club
DE,262,43,LYCA,Lycamobile
DE,262,60,,DB Telematik
DE,262,76,,Siemens AG
DE,262,77,E-Plus,
DE,262,92,Nash Technologies,
DE,262,901,Debitel,
GH,620,01,MTN,MTN Group
GH,620,02,Vodafone,Vodafone Group
GH,620,03,tiGO,Millicom Ghana
GH,620,04,Expresso,Kasapa / Hutchison Telecom
GH,620,06,Airtel,Airtel
GI,266,01,GibTel,Gibraltar Telecoms
GI,266,06,CTS Mobile,CTS Gibraltar
GR,202,01,Cosmote,COSMOTE - Mobile Telecommunications S.A.
GR,202,05,Vodafone,Vodafone Greece
GR,202,09,Wind,Wind Hellas Telecommunications S.A. (Q-Telecom)
GR,202,10,Wind,Wind Hellas Telecommunications S.A.
GL,290,01,,TELE Greenland A/S
GD,352,030,Digicel,Digicel Grenada Ltd.
GD,352,110,Cable & Wireless,Cable & Wireless Grenada Ltd.
GP,340,01,Orange,Orange Caraïbe Mobiles
GP,340,02,Outremer,Outremer Telecom
GP,340,03,Telcell,Saint Martin et Saint Barthelemy Telcell Sarl
GP,340,08,Dauphin,Dauphin Telecom
GP,340,20,Digicel,DIGICEL Antilles Française Guyane
GU,310,032,IT&E Wireless,"IT&E Overseas, Inc"
GU,310,033,,Guam Telephone Authority
GU,310,140,mPulse,GTA Wireless
GU,310,370,docomo,docomo Pacific
GU,311,250,i CAN_GSM,Wave Runner LLC
GU,310,470,docomo,docomo Pacific
GT,704,01,Claro,Servicios de Comunicaciones Personales Inalambricas (SERCOM)
GT,704,02,Comcel / Tigo,Millicom / Local partners
GT,704,03,movistar,Telefonica Móviles Guatemala (Telefónica)
GB,234,55,Sure Mobile,Cable & Wireless Guernsey
GB,234,50,Wave Telecom,Wave Telecom (JT-Wave)
GB,234,03,Airtel Vodafone,Guernsey Airtel Ltd
GN,611,01,Orange S.A.,Orange
GN,611,02,Sotelgui,Sotelgui Lagui
GN,611,03,Telecel Guinee,INTERCEL Guinée
GN,611,04,MTN,Areeba Guinea
GN,611,05,Cellcom,Cellcom
GW,632,02,Areeba,Spacetel Guiné-Bissau S.A.
GW,632,03,Orange,
GY,738,01,Digicel,U-Mobile (Cellular) Inc.
GY,738,02,GT&T Cellink Plus,Guyana Telephone & Telegraph Co.
HT,372,01,Voila,Communication Cellulaire d'Haiti S.A.
HT,372,02,Digicel,Unigestion Holding S.A.
HT,372,03,NATCOM,Telecommunication S.A.
HN,708,01,Claro,Servicios de Comunicaciones de Honduras S.A. de C.V.
HN,708,02,Tigo,Celtel / Tigo
HN,708,30,Hondutel,Empresa Hondureña de Telecomunicaciones
HN,708,40,DIGICEL,Digicel de Honduras
HK,454,00,1O1O / One2Free,CSL Limited merged New World
HK,454,01,,CITIC Telecom 1616
HK,454,02,,CSL Limited
HK,454,03,3 (3G),Hutchison Telecom
HK,454,04,3 (2G),Hutchison Telecom
HK,454,05,3 (CDMA),Hutchison Telecom
HK,454,06,SmarTone,SmarTone Mobile Communications Limited
HK,454,07,,China Unicom (Hong Kong) Limited
HK,454,08,,Trident Telecom
HK,454,09,,China Motion Telecom
HK,454,10,New World Mobility,CSL Limited
HK,454,11,,China-Hong Kong Telecom
HK,454,12,CMCC HK,China Mobile Hong Kong Company Limited
HK,454,14,,Hutchison Telecom
HK,454,15,,SmarTone Mobile Communications Limited
HK,454,16,PCCW Mobile (2G),PCCW Limited
HK,454,17,,SmarTone Mobile Communications Limited
HK,454,18,,CSL Limited
HK,454,19,PCCW Mobile (3G),PCCW Limited
HK,454,29,PCCW Mobile (CDMA),PCCW Limited
HU,216,01,Telenor,Telenor Magyarország Zrt.
HU,216,30,T-Mobile,Magyar Telekom Plc
HU,216,70,Vodafone,Vodafone Magyarország Zrt.
IS,274,01,Síminn,Iceland Telecom
IS,274,02,Vodafone,Og fjarskipti hf
IS,274,03,Vodafone,Vodafone Iceland
IS,274,04,Viking,IMC Island ehf
IS,274,06,,Núll níu ehf
IS,274,07,IceCell,IceCell ehf
IS,274,08,On-waves,Iceland Telecom
IS,274,11,Nova,Nova ehf
IS,274,12,Tal,Tal hf
IN,404,01,Vodafone IN,Haryana
IN,404,02,AirTel,Punjab
IN,404,03,AirTel,Himachal Pradesh
IN,404,04,IDEA,Delhi & NCR
IN,404,05,Vodafone IN,Gujarat
IN,404,07,IDEA,Andhra Pradesh
IN,404,09,Reliance,Assam
IN,404,10,AirTel,Delhi & NCR
IN,404,11,Vodafone IN,Delhi & NCR
IN,404,12,IDEA,Haryana
IN,404,13,Vodafone IN,Andhra Pradesh
IN,404,14,IDEA,Punjab
IN,404,15,Vodafone IN,Uttar Pradesh (East)
IN,404,17,AIRCEL,West Bengal
IN,404,19,IDEA,Kerala
IN,404,20,Vodafone IN,Mumbai
IN,404,21,Loop Mobile,Mumbai
IN,404,22,IDEA,Maharashtra & Goa
IN,404,24,IDEA,Gujarat
IN,404,25,AIRCEL,Bihar
IN,404,27,Vodafone IN,Maharashtra & Goa
IN,404,28,AIRCEL,Orissa
IN,404,29,AIRCEL,Assam
IN,404,30,Vodafone IN,Kolkata
IN,404,31,AirTel,Kolkata
IN,404,34,CellOne,Haryana
IN,404,36,Reliance,Bihar & Jharkhand
IN,404,37,Aircel,Jammu & Kashmir
IN,404,38,CellOne,Assam
IN,404,41,Aircel,Chennai
IN,404,42,Aircel,Tamil Nadu
IN,404,44,IDEA,Karnataka
IN,404,45,Airtel,Karnataka
IN,404,46,Vodafone IN,Kerala
IN,404,48,Dishnet Wireless,Unknown
IN,404,49,Airtel,Andhra Pradesh
IN,404,51,CellOne,Himachal Pradesh
IN,404,52,Reliance,Orissa
IN,404,53,CellOne,Punjab
IN,404,54,CellOne,Uttar Pradesh (West)
IN,404,55,CellOne,Uttar Pradesh (East)
IN,404,71,CellOne,Karnataka (Bangalore)
IN,404,56,IDEA,Uttar Pradesh (West)
IN,404,57,CellOne,Gujarat
IN,404,58,CellOne,Madhya Pradesh & Chhattisgarh
IN,404,59,CellOne,Rajasthan
IN,404,60,Vodafone IN,Rajasthan
IN,404,62,CellOne,Jammu & Kashmir
IN,404,64,CellOne,Chennai
IN,404,66,CellOne,Maharashtra & Goa
IN,404,67,Reliance GSM,Madhya Pradesh & Chhattisgarh
IN,404,68,DOLPHIN,Delhi & NCR
IN,404,69,DOLPHIN,Mumbai
IN,404,72,CellOne,Kerala
IN,404,74,CellOne,West Bengal
IN,404,76,CellOne,Orissa
IN,404,78,Idea Cellular Ltd,Madhya Pradesh & Chattishgarh
IN,404,80,BSNL MOBILE,Bharat Sanchar Nigam Limited
IN,404,81,CellOne,Kolkata
IN,404,82,Idea,Himachal Pradesh
IN,404,83,Reliance Smart GSM,Kolkata
IN,404,84,Vodafone IN,Chennai
IN,404,85,Reliance,West Bengal
IN,404,86,Vodafone IN,Karnataka
IN,404,87,Idea,Rajisthan
IN,404,88,Vodafone IN,Vodafone Punjab
IN,404,89,Idea,Uttar Pradesh (East)
IN,404,90,AirTel,Maharashtra & Goa
IN,404,91,AIRCEL,Kolkata
IN,404,92,AirTel,Mumbai
IN,404,93,AirTel,Madhya Pradesh
IN,404,96,AirTel,Haryana
IN,405,01,Reliance,Andhra Pradesh
IN,405,03,Reliance,Bihar
IN,405,04,Reliance,Chennai
IN,405,05,Reliance,Delhi & NCR
IN,405,09,Reliance,Jammu & Kashmir
IN,405,10,Reliance,Karnataka
IN,405,13,Reliance,Maharashtra & Goa
IN,405,025,TATA Teleservice,Andhra Pradesh
IN,405,026,TATA Teleservice,Assam
IN,405,027,TATA Teleservice,Bihar/Jharkhand
IN,405,029,TATA Teleservice,Delhi
IN,405,030,TATA Teleservice,Gujarat
IN,405,031,TATA Teleservice,Haryana
IN,405,032,TATA Teleservice,Himachal Pradesh
IN,405,033,TATA Teleservice,Jammu & Kashmir
IN,405,034,TATA Teleservice,Karnataka
IN,405,035,TATA Teleservice,Kerala
IN,405,036,TATA Teleservice,Kolkata
IN,405,037,TATA Teleservice,Maharashtra & Goa
IN,405,038,TATA Teleservice,Madhya Pradesh
IN,405,039,TATA Teleservice,Mumbai
IN,405,041,TATA Teleservice,Orissa
IN,405,042,TATA Teleservice,Punjab
IN,405,043,TATA Teleservice,Rajasthan
IN,405,044,TATA Teleservice,Tamil Nadu including Chennai
IN,405,045,TATA Teleservice,[Uttar Pradesh (E)]
IN,405,046,TATA Teleservice,[Uttar Pradesh (W) & Uttarkhand ]
IN,405,047,TATA Teleservice,[West Bengal]
IN,405,51,AirTel,West Bengal
IN,405,52,AirTel,Bihar & Jharkhand
IN,405,54,AirTel,Uttar Pradesh (East)
IN,405,55,Airtel,Jammu & Kashmir
IN,405,56,AirTel,Assam
IN,405,66,Vodafone IN,Uttar Pradesh (West)
IN,405,70,IDEA,Bihar & Jharkhand
IN,405,750,Vodafone IN,Jammu & Kashmir
IN,405,751,Vodafone IN,Assam
IN,405,752,Vodafone IN,Bihar & Jharkhand
IN,405,753,Vodafone IN,Orissa
IN,405,754,Vodafone IN,Himachal Pradesh
IN,405,755,Vodafone IN,North East
IN,405,756,Vodafone IN,Madhya Pradesh & Chhattisgarh
IN,405,799,IDEA,Mumbai
IN,405,800,AIRCEL,Delhi & NCR
IN,405,801,AIRCEL,Andhra Pradesh
IN,405,802,AIRCEL,Gujarat
IN,405,803,AIRCEL,Karnataka
IN,405,804,AIRCEL,Maharashtra & Goa
IN,405,805,AIRCEL,Mumbai
IN,405,806,AIRCEL,Rajasthan
IN,405,807,AIRCEL,Haryana
IN,405,808,AIRCEL,Madhya Pradesh
IN,405,809,AIRCEL,Kerala
IN,405,810,AIRCEL,Uttar Pradesh (East)
IN,405,811,AIRCEL,Uttar Pradesh (West)
IN,405,812,AIRCEL,Punjab
IN,405,819,Uninor,Andhra Pradesh
IN,405,818,Uninor,Uttar Pradesh (West)
IN,405,820,Uninor,Karnataka
IN,405,821,Uninor,Kerala
IN,405,822,Uninor,Kolkata
IN,405,824,Videocon Datacom,Assam
IN,405,827,Videocon Datacom,Gujarat
IN,405,834,Videocon Datacom,Madhya Pradesh
IN,405,844,Uninor,Delhi & NCR
IN,405,845,IDEA,Assam
IN,405,86,IDEA,Jammu & Kashmir
IN,405,848,IDEA,Kolkata
IN,405,850,IDEA,Orissa
IN,405,855,Loop Mobile,Assam
IN,405,864,Loop Mobile,Kolkata
IN,405,865,Loop Mobile,Madhya Pradesh
IN,405,875,Uninor,Assam
IN,405,880,Uninor,West Bengal
IN,405,881,S Tel,Assam
IN,405,912,Etisalat DB(cheers),Andhra Pradesh
IN,405,913,Etisalat DB(cheers),Delhi & NCR
IN,405,914,Etisalat DB(cheers),Gujarat
IN,405,917,Etisalat DB(cheers),Kerala
IN,404,927,Uninor,Gujarat
IN,405,929,Uninor,Maharashtra
ID,510,00,PSN,PT Pasifik Satelit Nusantara (ACeS)
ID,510,01,INDOSAT,PT Indonesian Satellite Corporation Tbk (INDOSAT)
ID,510,03,StarOne,PT Indosat Tbk
ID,510,07,TelkomFlexi,PT Telkom
ID,510,08,AXIS,PT Natrindo Telepon Seluler
ID,510,09,SMART,PT Smart Telecom
ID,510,10,Telkomsel,PT Telekomunikasi Selular
ID,510,11,XL,PT XL Axiata Tbk
ID,510,20,TELKOMMobile,PT Telkom Indonesia Tbk
ID,510,21,IM3,PT Indonesian Satellite Corporation Tbk (INDOSAT)
ID,510,27,Ceria,PT Sampoerna Telekomunikasi Indonesia
ID,510,28,Fren/Hepi,PT Mobile-8 Telecom
ID,510,89,3,PT Hutchison CP Telecommunications
ID,510,99,Esia,PT Bakrie Telecom
IR,432,11,IR-MCI,Mobile Communications Company of Iran
IR,432,14,TKC,KFZO
IR,432,19,MTCE,Mobile Telecommunications Company of Esfahan
IR,432,32,Taliya,Rafsanjan Industrial Complex
IR,432,35,Irancell,Irancell Telecommunications Services Company
IR,432,70,TCI,Telephone Communications Company of Iran
IR,432,93,Iraphone,Iraphone
IQ,418,05,Asia Cell,Asia Cell Telecommunications Company
IQ,418,08,SanaTel,
IQ,418,20,Zain,Zain Iraq
IQ,418,30,Zain,Zain Iraq
IQ,418,40,Korek,Korek Telecom Ltd
IQ,418,45,Mobitel,Mobitel Co. Ltd.
IQ,418,92,Omnnea,Omnnea Wireless
IE,272,01,Vodafone,Vodafone Ireland
IE,272,02,O2,O2 Ireland
IE,272,03,Meteor,Meteor Mobile Communications
IE,272,04,,Access Telecom
IE,272,05,3,Hutchison 3G Ireland limited
IE,272,07,Eircom,Eircom Mobile
IE,272,09,,Clever Communications
IE,272,11,,Liffey Telecom
IM,234,58,Pronto GSM,Manx Telecom
IM,234,09,Sure Mobile,Cable & Wireless Isle of Man Ltd.
IL,425,01,Orange,Partner Communications Company Ltd
IL,425,02,Cellcom,
IL,425,03,Pelephone,
IL,425,77,Mirs,
IT,222,01,TIM,Telecom Italia SpA
IT,222,02,Elsacom,
IT,222,07,Noverca,
IT,222,10,Vodafone,Vodafone Omnitel N.V.
IT,222,30,RFI,Rete Ferroviaria Italiana
IT,222,77,IPSE 2000,
IT,222,88,Wind,Wind Telecomunicazioni SpA
IT,222,98,Blu,
IT,222,99,3 Italia,Hutchison 3G
CI,612,01,,Cora de Comstar
CI,612,02,Moov,
CI,612,03,Orange,
CI,612,04,KoZ,Comium Ivory Coast Inc
CI,612,05,MTN,
CI,612,06,ORICEL,ORICEL
JM,338,020,LIME,Cable & Wireless
JM,338,050,Digicel,Digicel (Jamaica) Limited
JM,338,070,Claro,Oceanic Digital Jamaica Limited
JM,338,180,LIME,Cable & Wireless
JP,440,00,eMobile,EMOBILE Limited
JP,440,01,NTT docomo,NTT docomo
JP,440,02,NTT docomo,NTT DoCoMo Kansai
JP,440,03,NTT docomo,NTT DoCoMo Hokuriku
JP,440,04,SoftBank,SoftBank Mobile Corp
JP,440,06,SoftBank,SoftBank Mobile Corp
JP,440,07,KDDI,KDDI Corporation
JP,440,08,KDDI,KDDI Corporation
JP,440,09,NTT docomo,NTT DoCoMo Kansai
JP,440,10,NTT docomo,NTT DoCoMo Kansai
JP,440,11,NTT docomo,NTT DoCoMo Tokai
JP,440,12,NTT docomo,NTT DoCoMo
JP,440,13,NTT docomo,NTT DoCoMo
JP,440,14,NTT docomo,NTT DoCoMo Tohoku
JP,440,15,NTT docomo,NTT DoCoMo
JP,440,16,NTT docomo,NTT DoCoMo
JP,440,17,NTT docomo,NTT DoCoMo
JP,440,18,NTT docomo,NTT DoCoMo Tokai
JP,440,19,NTT docomo,NTT DoCoMo Hokkaido
JP,440,20,SoftBank,SoftBank Mobile Corp
JP,440,21,NTT docomo,NTT DoCoMo
JP,440,22,NTT docomo,NTT DoCoMo Kansai
JP,440,23,DoCoMo,NTT DoCoMo Tokai
JP,440,24,DoCoMo,NTT DoCoMo Chugoku
JP,440,25,DoCoMo,NTT DoCoMo Hokkaido
JP,440,26,DoCoMo,NTT DoCoMo Kyushu
JP,440,27,DoCoMo,NTT DoCoMoTohoku
JP,440,28,DoCoMo,NTT DoCoMo Shikoku
JP,440,29,DoCoMo,NTT DoCoMo
JP,440,30,DoCoMo,NTT DoCoMo
JP,440,31,DoCoMo,NTT DoCoMo Kansai
JP,440,32,DoCoMo,NTT DoCoMo
JP,440,33,DoCoMo,NTT DoCoMo Tokai
JP,440,34,DoCoMo,NTT DoCoMo Kyushu
JP,440,35,DoCoMo,NTT DoCoMo Kansai
JP,440,36,DoCoMo,NTT DoCoMo
JP,440,37,DoCoMo,NTT DoCoMo
JP,440,38,DoCoMo,NTT DoCoMo
JP,440,39,DoCoMo,NTT DoCoMo
JP,440,40,SoftBank,SoftBank Mobile Corp
JP,440,41,SoftBank,SoftBank Mobile Corp
JP,440,42,SoftBank,SoftBank Mobile Corp
JP,440,43,SoftBank,SoftBank Mobile Corp
JP,440,44,SoftBank,SoftBank Mobile Corp
JP,440,45,SoftBank,SoftBank Mobile Corp
JP,440,46,SoftBank,SoftBank Mobile Corp
JP,440,47,SoftBank,SoftBank Mobile Corp
JP,440,48,SoftBank,SoftBank Mobile Corp
JP,440,49,DoCoMo,NTT DoCoMo
JP,440,50,KDDI,KDDI Corporation
JP,440,51,KDDI,KDDI Corporation
JP,440,52,KDDI,KDDI Corporation
JP,440,53,KDDI,KDDI Corporation
JP,440,54,KDDI,KDDI Corporation
JP,440,55,KDDI,KDDI Corporation
JP,440,56,KDDI,KDDI Corporation
JP,440,58,DoCoMo,NTT DoCoMo Kansai
JP,440,60,DoCoMo,NTT DoCoMo Kansai
JP,440,61,DoCoMo,NTT DoCoMo Chugoku
JP,440,62,DoCoMo,NTT DoCoMo Kyushu
JP,440,63,DoCoMo,NTT DoCoMo
JP,440,64,DoCoMo,NTT DoCoMo
JP,440,65,DoCoMo,NTT DoCoMo Shikoku
JP,440,66,DoCoMo,NTT DoCoMo
JP,440,67,DoCoMo,NTT DoCoMo Tohoku
JP,440,68,DoCoMo,NTT DoCoMo Kyushu
JP,440,69,DoCoMo,NTT DoCoMo
JP,440,70,au,KDDI Corporation
JP,440,71,KDDI,KDDI Corporation
JP,440,72,KDDI,KDDI Corporation
JP,440,73,KDDI,KDDI Corporation
JP,440,74,KDDI,KDDI Corporation
JP,440,75,KDDI,KDDI Corporation
JP,440,76,KDDI,KDDI Corporation
JP,440,77,KDDI,KDDI Corporation
JP,440,78,,Okinawa Cellular Telephone
JP,440,79,KDDI,KDDI Corporation
JP,440,80,TU-KA,TU-KA Cellular Tokyo
JP,440,81,TU-KA,TU-KA Cellular Tokyo
JP,440,82,TU-KA,TU-KA Phone Kansai
JP,440,83,TU-KA,TU-KA Cellular Tokai
JP,440,84,TU-KA,TU-KA Phone Kansai
JP,440,85,TU-KA,TU-KA Cellular Tokai
JP,440,86,TU-KA,TU-KA Cellular Tokyo
JP,440,87,DoCoMo,NTT DoCoMo Chugoku
JP,440,88,KDDI,KDDI Corporation
JP,440,89,KDDI,KDDI Corporation
JP,440,90,SoftBank,SoftBank Mobile Corp
JP,440,92,SoftBank,SoftBank Mobile Corp
JP,440,93,SoftBank,SoftBank Mobile Corp
JP,440,94,SoftBank,SoftBank Mobile Corp
JP,440,95,SoftBank,SoftBank Mobile Corp
JP,440,96,SoftBank,SoftBank Mobile Corp
JP,440,97,SoftBank,SoftBank Mobile Corp
JP,440,98,SoftBank,SoftBank Mobile Corp
JP,440,99,DoCoMo,NTT DoCoMo
JE,234,50,JT-Wave,Jersey Telecom (JT-Wave)
JE,234,55,Sure Mobile,Cable & Wireless Jersey Limited
JE,234,03,Airtel Vodafone,JERSEY AIRTEL LIMITED
JO,416,01,zain JO,Jordan Mobile Telephone Services
JO,416,02,XPress Telecom,
JO,416,03,Umniah,Umniah Mobile Company
JO,416,77,Orange,Petra Jordanian Mobile Telecommunications Company (MobileCom)
KZ,401,01,Beeline,KaR-Tel LLP
KZ,401,02,Kcell,GSM Kazakhstan Ltd
KZ,401,07,Dalacom,
KZ,401,08,Kazakhtelecom,
KZ,401,77,Mobile Telecom Service,Mobile Telecom Service LLP
KE,639,02,Safaricom,Safaricom Limited
KE,639,03,Airtel,B Airtel
KE,639,07,Orange Kenya,Telkom Kenya
KE,639,05,yu,Econet Wireless Kenya
KI,545,09,Kiribati Frigate,Telecom Services Kiribati Ltd
KP,467,192,Koryolink,Cheo Technology Jv Company
KP,467,193,SunNet,Korea Posts and Telecommunications Corporation
KR,450,02,KT,KT
KR,450,03,Power 017,"Shinsegi Telecom, Inc."
KR,450,04,KT,KT
KR,450,05,SKT,SK Telecom
KR,450,06,LGU+,LG Telecom
KR,450,08,olleh,KT
RKS,212,01,Vala,PTK - Directory of Post of Kosovo
RKS,293,41,IPKO,IPKO
RKS,212,01,Z Mobile,Dardaphone
KW,419,02,zain KW,Zain Kuwait
KW,419,03,Wataniya,National Mobile Telecommunications
KW,419,04,Viva,Kuwait Telecommunication Company
KG,437,01,Beeline,Sky Mobile LLC
KG,437,03,Fonex,Aktel Ltd
KG,437,05,MegaCom,Alfa Telecom CJSC
KG,437,09,O!,NurTelecom LLC
LA,457,01,LaoTel,Lao Shinawatra Telecom
LA,457,02,ETL,Enterprise of Telecommunications Lao
LA,457,03,Unitel,"Star Telecom Co., Ltd"
LA,457,08,Tigo,Millicom Lao Co Ltd
LV,247,01,LMT,Latvian Mobile Telephone
LV,247,02,Tele2,Tele2
LV,247,03,TRIATEL,Telekom Baltija
LV,247,05,Bite,Bite Latvija
LV,247,06,,Rigatta
LV,247,07,MTS,Master Telecom
LV,247,08,IZZI,IZZI
LV,247,09,Camel Mobile,Camel Mobile
LB,415,01,Alfa,MIC 1
LB,415,03,mtc touch,MIC 2
LB,415,05,Ogero Mobile,Ogero Telecom
LS,651,01,Vodacom,Vodacom Lesotho (Pty) Ltd
LS,651,02,,Econet Ezin-cel
LR,618,01,Lonestar Cell,Lonestar Communications Corporation
LR,618,02,Libercell,Atlantic Wireless (Liberia) Inc.
LR,618,04,Comium,Comium Liberia
LR,618,07,Cellcom,"Cellcom Telecommunications, Inc"
LR,618,20,LIBTELCO,Liberia Telecommunications Corporation
LY,606,00,Libyana,Libyana
LY,606,01,Madar,Al-Madar Al-Jadeed
LY,606,02,Al-Jeel Phone,Al-Jeel Al-Jadeed
LY,606,03,Libya Phone,Libya Telecom and Technology (LTT)
LY,606,06,Hatef Libya,Hatef Libya
LI,295,01,Swisscom,Swisscom Schweiz AG
LI,295,02,Orange,Orange Liechtenstein AG
LI,295,05,FL1,Mobilkom Liechtenstein AG
LI,295,77,Alpmobil,Alpcom AG
LI,295,04,Cubic Telecom,Cubic Telecom AG
LT,246,01,Omnitel,
LT,246,02,BITE,UAB Bité Lietuva
LT,246,03,Tele 2,
LT,246,05,LitRail,Lithuanian Railways
LT,246,06,Mediafon,UAB Mediafon
LU,270,01,LuxGSM,P&T Luxembourg
LU,270,77,Tango,Tango SA
LU,270,99,Orange,Orange S.A.
MO,455,00,SmarTone,SmarTone Macao
MO,455,01,CTM,C.T.M. Telemovel+
MO,455,02,China Telecom,China Telecom
MO,455,03,3,Hutchison Telecom
MO,455,04,CTM,C.T.M. Telemovel+
MO,455,05,3,Hutchison Telecom
MK,294,01,T-Mobile MK,T-Mobile Macedonia
MK,294,02,ONE,One
MK,294,03,Vip MK,VIP Operator
MG,646,01,Airtel,Bharti Airtel
MG,646,02,Orange,Orange Madagascar S.A.
MG,646,03,Sacel,Sacel Madagascar S.A.
MG,646,04,Telma,Telma Mobile S.A.
MW,650,01,TNM,Telecom Network Malawi
MW,650,10,Airtel,Bharti Airtel Limited
MY,502,01,ATUR 450,Telekom Malaysia Bhd
MY,502,10,,DiGi Telecommunications
MY,502,11,TM Homeline,Telekom Malaysia Bhd [78]
MY,502,12,Maxis,Maxis Mobile Services SDN Berhad
MY,502,13,Celcom,Celcom Axiata Berhad
MY,502,14,,Telekom Malaysia Berhad for PSTN SMS
MY,502,16,DiGi,DiGi Telecommunications
MY,502,17,Hotlink,Maxis Prepaid
MY,502,18,U Mobile,U Mobile Sdn Bhd
MY,502,18,TM Homeline,Telekom Malaysia Bhd
MY,502,19,Celcom,Celcom Axiata Berhad
MY,502,20,,Electcoms Wireless Sdn Bhd
MY,502,150,Tune Talk,Tune Talk Sdn Bhd
MY,502,151,,Baraka Telecom Sdn Bhd (MVNE)
MY,502,152,Yes,YTL Communications Sdn Bhd
MV,472,01,Dhiraagu,Dhivehi Raajjeyge Gulhun
MV,472,02,Wataniya,Wataniya Telecom Maldives
ML,610,01,Malitel,Malitel SA
ML,610,02,Orange,Orange Mali SA
MT,278,01,Vodafone,Vodafone Malta
MT,278,21,GO,Mobisle Communications Limited
MT,278,77,Melita,Melita Plc
MQ,340,01,Orange,Orange Caraïbe Mobiles
MQ,340,02,Outremer,Outremer Telecom
MQ,340,20,Digicel,DIGICEL Antilles Française Guyane
MR,609,01,Mattel,Mattel
MR,609,02,Chinguitel,Chinguitel
MR,609,10,Mauritel,Mauritel Mobiles
MU,617,01,Orange,Cellplus Mobile Communications Ltd.
MU,617,02,MTML,Mahanagar Telephone (Mauritius) Ltd.
MU,617,10,Emtel,Emtel Ltd
MX,334,010,Nextel,Nextel México
MX,334,020,Telcel,América Móvil / Mextel
MX,334,030,movistar,Pegaso Comunicaciones y Sistemas
MX,334,040,Iusacell / Unefon,Iusacell / Unefon
MX,334,050,Iusacell,Iusacell
FM,550,01,,FSM EMMANUEL
MD,259,01,Orange,Orange Moldova
MD,259,02,Moldcell,
MD,259,03,IDC,Interdnestrcom
MD,259,03,Unité,Moldtelecom
MD,259,04,Eventis,Eventis Telecom
MD,259,05,Unité,Moldtelecom
MD,259,99,Unité,Moldtelecom
MC,212,01,Office des Telephones,Monaco Telecom
MN,428,99,MobiCom,Mobicom Corporation
MN,428,88,Unitel,Unitel LLC
MN,428,91,Skytel,Skytel LLC
MN,428,98,G.Mobile,G-Mobile LLC
ME,297,01,Telenor,Telenor Montenegro
ME,297,02,T-Mobile,T-Mobile Montenegro LLC
ME,297,03,m:tel CG,MTEL CG
ME,297,04,T-Mobile,T-Mobile Montenegro
MA,604,00,Méditel,Medi Telecom
MA,604,01,IAM,Ittissalat Al Maghrib (Maroc Telecom)
MA,604,05,INWI,WANA - Groupe ONA
MZ,643,01,mCel,Mocambique Celular S.A.
MZ,643,04,Vodacom,"Vodacom Mozambique, S.A."
MM,414,01,MPT,Myanmar Post and Telecommunication
NA,649,01,MTC,MTC Namibia
NA,649,02,switch,Telecom Namibia
NA,649,03,Leo,Orascom Telecom Holding
NR,536,02,Digicel,Digicel (Nauru) Corporation
NP,429,01,Namaste / NT Mobile,Nepal Telecom
NP,429,02,Ncell,Ncell Pvt. Ltd. Spice Nepal
NP,429,04,SmartCell,Smart Telecom Pvt. Ltd.
NP,429,03,Sky/C-Phone,Nepal Telecom
NL,204,01,,VastMobiel B.V.
NL,204,02,Tele2,Tele2 Nederland B.V.
NL,204,03,,Voiceworks B.V.
NL,204,04,Vodafone,hollandsnieuwe
NL,204,05,,Elephant Talk Communications Premium Rate Services
NL,204,06,,Mundio Mobile (Netherlands) Ltd
NL,204,07,,Teleena (MVNE)
NL,204,08,KPN,KPN Mobile The Netherlands B.V.
NL,204,09,Lycamobile,Lycamobile Netherlands Limited
NL,204,10,KPN,KPN B.V.
NL,204,12,Telfort,KPN Mobile The Netherlands B.V.
NL,204,13,,Unica Installatietechniek B.V.
NL,204,14,6Gmobile,6GMOBILE B.V.
NL,204,15,,Ziggo B.V.
NL,204,16,T-Mobile,T-Mobile Netherlands B.V
NL,204,17,,Intercity Mobile Communications B.V.
NL,204,18,,UPC Nederland B.V.
NL,204,19,,Mixe Communication Solutions B.V.
NL,204,20,T-Mobile,T-Mobile Netherlands B.V
NL,204,21,,ProRail B.V.
NL,204,22,,Ministerie van Defensie
NL,204,23,,ASPIDER Solutions Nederland B.V.
NL,204,24,,Private Mobility Nederland B.V.
NL,204,25,,CapX B.V.
NL,204,26,,SpeakUp B.V.
NL,204,27,,Breezz Nederland B.V.
NL,204,67,,RadioAccess B.V.
NL,204,68,,Unify Group Holding B.V.
NL,204,69,,KPN Mobile The Netherlands B.V.
AN,362,51,Telcell,Telcell N.V.
AN,362,69,Digicel,Curaçao Telecom N.V.
AN,362,91,UTS,Setel N.V.
AN,362,95,MIO,E.O.C.G. Wireless
AN,362,94,Bayòs,Bòbò Frus N.V.
NC,546,01,Mobilis,OPT New Caledonia
NZ,530,00,Telecom,Telecom New Zealand
NZ,530,01,Vodafone,Vodafone New Zealand
NZ,530,02,Telecom,Telecom New Zealand
NZ,530,03,Woosh,Woosh Wireless New Zealand
NZ,530,04,TelstraClear,TelstraClear New Zealand
NZ,530,05,XT Mobile Network,Telecom New Zealand
NZ,530,24,2degrees,2degrees
NI,710,21,Claro,"Empresa Nicaragüense de Telecomunicaciones, S.A."
NI,710,30,movistar,Telefónica Móviles de Nicaragua S.A.
NI,710,73,SERCOM,Servicios de Comunicaciones S.A.
NE,614,01,SahelCom,
NE,614,02,Airtel,Bharti Airtel Limited
NE,614,03,Telecel,Telecel Niger SA
NE,614,04,Orange,Orange Niger
NG,621,20,Airtel,Bharti Airtel Limited
NG,621,30,MTN,MTN Nigeria Communications Limited
NG,621,40,M-Tel,Nigerian Mobile Telecommunications Limited
NG,621,50,Glo,Globacom Ltd
NG,621,60,Etisalat,Emerging Markets Telecommunication Services Ltd (Etisalat)
NG,621,25,Visafone,Visafone Communications Ltd.
NU,555,01,Telecom Niue,Telecom Niue
NF,505,10,Norfolk Telecom,Norfolk Telecom
NO,242,01,Telenor,
NO,242,02,NetCom,NetCom GSM
NO,242,03,Teletopia,Teletopia
NO,242,04,Tele2,Mobile Norway AS
NO,242,05,Network Norway,Mobile Norway AS
NO,242,06,Ice,Nordisk Mobiltelefon
NO,242,07,Ventelo,Ventelo AS
NO,242,08,TDC,TDC Mobil AS
NO,242,09,Com4,Com4 AS [106]
NO,242,11,SystemNet,SystemNet AS [107]
NO,242,20,,Jernbaneverket AS
NO,242,23,Lyca,Lyca Mobile Ltd
OM,422,02,Oman Mobile,Oman Telecommunications Company
OM,422,03,Nawras,Omani Qatari Telecommunications Company SAOC
PK,410,01,Mobilink,Mobilink-PMCL
PK,410,03,Ufone,Pakistan Telecommunication Mobile Ltd
PK,410,04,Zong,China Mobile
PK,410,06,Telenor,Telenor Pakistan
PK,410,07,Warid,WaridTel
PW,552,01,PNCC,Palau National Communications Corp.
PW,552,80,Palau Mobile,Palau Mobile Corporation
PS,425,05,Jawwal,"Palestine Cellular Communications, Ltd."
PS,425,06,Wataniya,Wataniya Palestine Mobile Telecommunications Company
PA,714,01,Cable & Wireless,Cable & Wireless Panama S.A.
PA,714,02,movistar,"Telefonica Moviles Panama S.A, Bell South Corp. (BSC)"
PA,714,04,Digicel,Digicel Group
PA,714,03,Claro,América Móvil
PG,537,01,B-Mobile,Pacific Mobile Communications
PG,537,03,Digicel,Digicel PNG
PY,744,01,VOX,Hola Paraguay S.A
PY,744,02,Claro,AMX Paraguay S.A.
PY,744,04,Tigo,Telefonica Celular Del Paraguay S.A. (Telecel)
PY,744,05,Personal,Núcleo S.A
PY,744,06,Copaco,Copaco S.A.
PE,716,06,Movistar,Telefónica Móviles Perú
PE,716,07,NEXTEL,NII Holdings
PE,716,10,Claro,América Móvil Perú
PH,515,01,Islacom,Globe Telecom via Innove Communications
PH,515,02,Globe,Globe Telecom
PH,515,03,Smart,PLDT via Smart Communications
PH,515,05,Sun,Digital Telecommunications Philippines
PH,515,11,,PLDT via ACeS Philippines
PH,515,18,Cure,PLDT via Smart's Connectivity Unlimited Resources Enterprise
PH,515,88,,Nextel
PL,260,01,Plus,Polkomtel S.A.
PL,260,02,T-Mobile,Polska Telefonia Cyfrowa Sp. z o.o.
PL,260,03,Orange,Polska Telefonia Komórkowa Centertel Sp. z o.o.
PL,260,04,,not in use
PL,260,05,,Polska Telefonia Komórkowa Centertel Sp. z o.o.
PL,260,06,Play,P4 Sp. z o.o.
PL,260,07,Netia,Netia S.A.
PL,260,08,,E-Telko Sp. z o.o.
PL,260,09,,Telekomunikacja Kolejowa Sp. z o.o.
PL,260,10,Sferia,Sferia S.A.
PL,260,11,Nordisk Polska,Nordisk Polska Sp. z o.o.
PL,260,12,Cyfrowy Polsat,Cyfrowy Polsat S.A.
PL,260,15,CenterNet,CenterNet S.A.
PL,260,16,Mobyland,Mobyland Sp. z o.o.
PL,260,17,Aero2,Aero 2 Sp. z o.o.
PT,268,01,Vodafone,Vodafone Portugal
PT,268,03,Optimus,"Sonaecom – Serviços de Comunicações, S.A."
PT,268,06,TMN,Telecomunicações Móveis Nacionais
PT,268,21,Zapp,Zapp Portugal
PR,330,110,Claro,Puerto Rico Telephone Company
PR,330,00,Open Mobile,PR Wireless
QA,427,01,Qtel,Qtel
QA,427,02,Vodafone,Vodafone Qatar
QA,427,05,Ministry of Interior,Ministry of Interior
RE,647,00,Orange,Orange La Réunion
RE,647,02,Outremer,Outremer Telecom
RE,647,10,SFR Reunion,Societe Reunionnaise de Radiotelephone
RO,226,01,Vodafone,Vodafone România
RO,226,02,Romtelecom,Romtelecom
RO,226,03,Cosmote,Cosmote România
RO,226,04,Cosmote,Cosmote România
RO,226,05,Digi.Mobil,RCS&RDS
RO,226,06,Cosmote,Cosmote România
RO,226,10,Orange,Orange România
RO,226,11,Enigma-System,Enigma-System
RU,250,01,MTS,Mobile TeleSystems
RU,250,02,MegaFon,MegaFon OJSC - previously known as North-West GSM
RU,250,03,NCC,Nizhegorodskaya Cellular Communications
RU,250,04,Sibchallenge,Sibchallenge
RU,250,05,ETK,Yeniseytelecom
RU,250,06,Skylink [10],CJSC Saratov System of Cellular Communications
RU,250,07,SMARTS,Zao SMARTS
RU,250,09,Skylink,Khabarovsky Cellular Phone
RU,250,10,DTC,Dontelekom
RU,250,11,,Orensot
RU,250,12,Baykalwestcom,Baykal Westcom / New Telephone Company / Far Eastern Cellular
RU,250,12,Akos,
RU,250,13,KUGSM,Kuban GSM
RU,250,15,SMARTS,"SMARTS Ufa, SMARTS Uljanovsk"
RU,250,16,NTC,New Telephone Company
RU,250,17,Utel,JSC Uralsvyazinform
RU,250,19,INDIGO,INDIGO
RU,250,20,Tele2,Tele2
RU,250,23,Mobicom - Novosibirsk,Mobicom - Novosibirsk
RU,250,28,Beeline,Beeline
RU,250,35,MOTIV,MOTIV
RU,250,38,Tambov GSM,Central Telecommunication Company
RU,250,39,Utel,Uralsvyazinform
RU,250,44,,Stavtelesot / North Caucasian GSM
RU,250,92,,Primtelefon
RU,250,93,,Telecom XXI
RU,250,99,Beeline,OJSC Vimpel-Communications
RW,635,10,MTN,MTN Rwandacell SARL
RW,635,12,Rwandatel,Rwandatel S.A.
RW,635,13,Tigo,TIGO RWANDA S.A
SKN,356,050,Digicel,
SKN,356,110,,LIME
SKN,356,070,Chippie,UTS
LC,358,050,Digicel[citation needed],
LC,358,110,,Cable & Wireless
PM,308,01,Ameris,St. Pierre-et-Miquelon Télécom
VC,360,070,Digicel,
VC,360,100,Cingular Wireless,
VC,360,110,Cable & Wireless,Cable & Wireless
WS,549,01,Digicel,Digicel Pacific Ltd.
WS,549,27,SamoaTel,SamoaTel Ltd
SM,292,01,PRIMA,San Marino Telecom
ST,626,01,CSTmovel,Companhia Santomese de Telecomunicaçôe
SA,420,01,Al Jawal,Saudi Telecom Company
SA,420,03,Mobily,Etihad Etisalat Company
SA,420,04,Zain SA,Zain Saudi Arabia
SN,608,01,Orange,Sonatel
SN,608,02,Tigo,Millicom International Cellular S.A.
SN,608,03,Expresso,Sudatel
RS,220,01,Telenor,Telenor Serbia
RS,220,02,Telenor,Telenor Montenegro
RS,220,03,mt:s,Telekom Srbija
RS,220,05,VIP,VIP Mobile
SC,633,01,Cable & Wireless,Cable & Wireless Seychelles
SC,633,02,Mediatech International,Mediatech International
SC,633,10,Airtel,Telecom Seychelles Ltd
SL,619,01,Airtel,Bharti Airtel Limited
SL,619,02,Tigo,Millicom (SL) Limited
SL,619,03,Africell,Lintel Sierra Leone Limited
SL,619,04,Comium,Comium Sierra leone INC
SL,619,05,Africell,Lintel Sierra Leone Limited
SL,619,25,Mobitel,Mobitel
SG,525,01,SingTel,Singapore Telecom
SG,525,02,SingTel-G18,Singapore Telecom
SG,525,03,M1,MobileOne Asia
SG,525,05,StarHub,StarHub Mobile
SG,525,12,,Digital Trunked Radio Network
SK,231,01,Orange,Orange Slovensko
SK,231,02,T-Mobile,T-Mobile Slovensko
SK,231,03,,Unient Communications
SK,231,04,T-Mobile,T-Mobile Slovensko
SK,231,06,O2,Telefónica O2 Slovakia
SK,231,99,ŽSR,Železnice Slovenskej Republiky
SI,293,40,Si.mobil,SI.MOBIL d.d.
SI,293,41,Mobitel,Mobitel D.D.
SI,293,64,T-2,T-2 d.o.o.
SI,293,70,Tušmobil,Tušmobil d.o.o.
SB,540,01,BREEZE,Solomon Telekom Co Ltd
SO,637,60,Nationlink Telecom,Nationlink Telecom
SO,637,01,Telesom,Telesom
SO,637,04,Somafone,Somafone FZLLC
SO,637,10,Nationlink,NationLink Telecom
SO,637,25,Hormuud,Hormuud Telecom Somalia Inc
SO,637,30,Golis,Golis Telecom Somalia
SO,637,82,Telcom,Telcom Somalia
ZA,655,01,Vodacom,Vodacom
ZA,655,02,Telkom Mobile / 8.ta,Telkom
ZA,655,06,Sentech,
ZA,655,07,Cell C,Cell C
ZA,655,10,MTN,MTN Group
ZA,655,11,,South African Police Service Gauteng
ZA,655,13,Neotel,
ZA,655,21,,Cape Town Metropolitan Council
ZA,655,30,,Bokamoso Consortium
ZA,655,31,,Karabo Telecoms (Pty) Ltd.
ZA,655,32,,Ilizwi Telecommunications
ZA,655,33,,Thinta Thinta Telecommunications
__,250,30,Megafon,Ostelecom
ES,214,01,Vodafone,Vodafone Spain
ES,214,03,Orange,France Telecom España SA
ES,214,04,Yoigo,Xfera Moviles SA
ES,214,05,TME,Telefónica Móviles España
ES,214,06,Vodafone,Vodafone Spain
ES,214,07,movistar,Telefónica Móviles España
ES,214,08,Euskaltel,
ES,214,09,Orange,France Telecom España SA
ES,214,15,BT,BT Group España Compañia de Servicios Globales de Telecomunicaciones S.A.U.
ES,214,16,TeleCable,Telecable de Asturias S.A.U.
ES,214,17,Móbil R,R Cable y Telecomunicaciones Galicia S.A.
ES,214,18,ONO,Cableuropa S.A.U.
ES,214,19,Simyo,E-PLUS Moviles Virtuales España S.L.U.
ES,214,20,Fonyou,Fonyou Telecom S.L.
ES,214,21,Jazztel,Jazz Telecom S.A.U.
ES,214,22,DigiMobil,Best Spain Telecom
ES,214,23,Barablu,Barablu Móvil España
ES,214,24,Eroski,Eroski Móvil España
ES,214,25,LycaMobile,LycaMobile S.L.
LK,413,01,Mobitel,Sri Lanka Telecom Mobitel
LK,413,02,Dialog,Dialog Axiata
LK,413,03,Etisalat,Emirates Telecommunication Corporation
LK,413,05,Airtel,Bharti Airtel
LK,413,08,Hutch,Hutchison Telecommunications Lanka
SD,634,01,Zain SD,Zain Group - Sudan
SD,634,02,MTN,MTN Sudan
SD,634,05,Vivacell,Wawat Securities
SD,634,07,Sudani One,Sudatel Group
SR,746,02,Telesur,Telecommunications Company Suriname (Telesur)
SR,746,03,Digicel,Digicel Group Limited
SR,746,04,Uniqa,Intelsur N.V. / UTS N.V.
SZ,653,10,,Swazi MTN
SE,240,01,Telia,SwedenTeliaSonera
SE,240,02,3,Hutchison 3G
SE,240,03,Ice.net,Nordisk Mobiltelefon
SE,240,04,,3G Infrastructure Services
SE,240,05,Sweden 3G,Svenska UMTS-Nät
SE,240,06,Telenor,Telenor Sweden
SE,240,07,Tele2,Tele2 Sweden
SE,240,08,Telenor,Telenor Sweden
SE,240,09,djuice,Telenor Sweden
SE,240,10,Spring Mobil,Tele2
SE,240,11,,Lindholmen Science Park
SE,240,12,,Barablu Mobile Scandinavia
SE,240,13,,Ventelo Sverige
SE,240,14,,TDC Mobil
SE,240,15,,Wireless Maingate Nordic
SE,240,16,,42IT
SE,240,17,Gotanet,Götalandsnätet
SE,240,20,,Wireless Maingate Message Services
SE,240,21,MobiSir,Trafikverket (formerly Banverket)
SE,240,24,Sweden 2G,Net4Mobility
SE,240,25,,DigiTelMobile
SE,240,26,,Beepsend
SE,240,33,,Mobile Arts AB
CH,228,01,Swisscom,Swisscom Ltd
CH,228,02,Sunrise,Sunrise Communications AG
CH,228,03,Orange,Orange Communications SA
CH,228,05,,Togewanet AG (Comfone)
CH,228,06,SBB-CFF-FFS,SBB AG
CH,228,07,IN&Phone,IN&Phone SA
CH,228,08,Tele2,Tele2 Telecommunications AG
CH,228,50,,3G Mobile AG
CH,228,51,,BebbiCell AG
SY,417,01,Syriatel,Syriatel Mobile Telecom
SY,417,02,MTN,MTN Syria
TW,466,01,FarEasTone,Far EasTone Telecommunications Co Ltd
TW,466,05,APTG,Asia Pacific Telecom
TW,466,06,Tuntex,Tuntex Telecom
TW,466,11,Chunghwa LDM,LDTA/Chungwa Telecom
TW,466,88,KG Telecom,KG Telecom
TW,466,89,VIBO,VIBO Telecom
TW,466,92,Chungwa,Chunghwa
TW,466,93,MobiTai,Mobitai Communications
TW,466,97,Taiwan Mobile,Taiwan Mobile Co. Ltd
TW,466,99,TransAsia,TransAsia Telecoms
TJ,436,01,Tcell,JV Somoncom
TJ,436,02,Tcell,Indigo Tajikistan
TJ,436,03,MLT,TT Mobile
TJ,436,04,Babilon-M,Babilon-Mobile
TJ,436,05,Beeline,Vimpelcom
TJ,436,12,Tcell,Indigo
TZ,640,02,tiGO,MIC Tanzania Limited
TZ,640,03,Zantel,Zanzibar Telecom Ltd
TZ,640,04,Vodacom,Vodacom Tanzania Limited
TZ,640,05,Airtel,Bharti Airtel
TZ,640,06,Sasatel,Dovetel Limited
TZ,640,07,TTCL Mobile,Tanzania Telecommunication Company LTD (TTCL)
TZ,640,08,Benson Online (BOL),Benson Informatics Limited
TZ,640,09,Hits,ExcellentCom Tanzania Limited
TZ,640,11,SmileCom,Smile Telecoms Holdings Ltd.
TH,520,00,my CAT 3G+,CAT Telecom
TH,520,01,AIS,Advanced Info Service
TH,520,02,CAT CDMA,CAT Telecom
TH,520,10,,WCS IQ
TH,520,15,TOT 3G,Telephone Organization of Thailand (TOT)
TH,520,18,dtac,Total Access Communication
TH,520,23,AIS GSM 1800,Digital Phone (AIS)
TH,520,99,True Move,True Corporation
TG,615,01,Togo Cell,Togo Telecom
TG,615,03,Moov,Moov Togo
TO,539,01,,Tonga Communications Corporation
TO,539,43,,Shoreline Communication
TO,539,88,Digicel,
TT,374,12,bmobile,TSTT
TT,374,130,Digicel,Digicel (Trinidad & Tobago) Limited
TN,605,01,Orange,Orange Tunisie
TN,605,02,Tunicell,Tunisie Telecom
TN,605,03,Tunisiana,Orascom Telecom Tunisie
TR,286,01,Turkcell,Turkcell Iletisim Hizmetleri A.S.
TR,286,02,Vodafone,Vodafone Turkey
TR,286,03,Avea,
TR,286,04,,Aycell
TM,438,01,MTS,Barash Communication Technologies
TM,438,02,TM-Cell,Altyn Asyr
TC,376,350,C&W,Cable & Wireless West Indies Ltd (Turks & Caicos)
TC,376,352,Islandcom,Islandcom Telecommunications
TC,338,05,Digicel,Digicel (Turks & Caicos) Limited
TV,553,01,TTC,Tuvalu Telecom
UG,641,01,Airtel,Bharti Airtel
UG,641,10,MTN,MTN Uganda
UG,641,11,UTL,Uganda Telecom Ltd.
UG,641,14,Orange,Orange Uganda
UG,641,22,Warid Telecom,Warid Telecom
UA,255,01,MTS,Ukrainian Mobile Communications
UA,255,02,Beeline,Ukrainian Radio Systems
UA,255,03,Kyivstar,Kyivstar GSM JSC
UA,255,04,IT,Intertelecom
UA,255,05,Golden Telecom,Golden Telecom
UA,255,06,life:),Astelit
UA,255,07,Ukrtelecom,Ukrtelecom
UA,255,21,PEOPLEnet,Telesystems of Ukraine
UA,255,23,CDMA Ukraine,ITC
AE,424,02,Etisalat,E mirates Telecom Corp
AE,424,03,du,Emirates Integrated Telecommunications Company
UK,234,00,BT,BT Group
UK,234,01,Vectone Mobile,Mundio Mobile Limited
UK,234,02,O2,Telefónica O2 UK Limited
UK,234,03,Airtel-Vodafone,Jersey Airtel Limited
UK,234,04,FMS Solutions Ltd,FMS Solutions Ltd
UK,234,05,,COLT Mobile Telecommunications Limited
UK,234,06,,Internet Computer Bureau Limited
UK,234,07,,Cable & Wireless UK
UK,234,08,,OnePhone (UK) Ltd
UK,234,09,,Tismi BV
UK,234,10,O2,Telefónica O2 UK Limited
UK,234,11,O2,Telefónica Europe
UK,234,12,Railtrack,Network Rail Infrastructure Ltd
UK,234,13,Railtrack,Network Rail Infrastructure Ltd
UK,234,14,Hay Systems Ltd,Hay Systems Ltd
UK,234,15,Vodafone,Vodafone United Kingdom
UK,234,16,Talk Talk,TalkTalk Communications Limited
UK,234,17,,FleXtel Limited
UK,234,18,Cloud9,Cloud9
UK,234,19,Private Mobile Networks PMN,Teleware plc
UK,234,20,Three,Hutchison 3G UK Ltd
UK,234,22,RoutoMessaging,Routo Telecommunications Limited
UK,234,24,Greenfone,Stour Marine
UK,234,25,Truphone,Software Cellular Network Ltd
UK,234,30,T-Mobile,Everything Everywhere Limited (TM)
UK,234,31,Virgin,Virgin Mobile
UK,234,32,Virgin,Virgin Mobile
UK,234,33,Orange,Everything Everywhere Limited (TM)
UK,234,34,Orange,Everything Everywhere Limited (TM)
UK,234,35,,JSC Ingenium (UK) Limited
UK,234,36,,Cable and Wireless Isle of Man Limited
UK,234,37,,Synectiv Ltd
UK,234,50,JT-Wave,Jersey Telecom
UK,234,55,,Cable & Wireless Guernsey / Sure Mobile (Jersey)
UK,234,58,,Manx Telecom
UK,234,76,BT,BT Group
UK,234,78,Airwave,Airwave (communications network)[citation needed]
UK,235,00,,Mundio Mobile Limited
UK,235,01,,Everything Everywhere Limited (TM)
UK,235,02,,Everything Everywhere Limited (TM)
UK,235,77,BT,BT Group
UK,235,91,,Vodafone United Kingdom
UK,235,92,,Cable & Wireless UK
UK,235,94,,Hutchison 3G UK Ltd
UK,235,95,,Network Rail Infrastructure Limited
US,310,053,,Virgin Mobile US
US,310,054,,Alltel US
US,310,066,,U.S. Cellular
US,310,004,Verizon,Verizon Wireless
US,310,005,Verizon,Verizon Wireless
US,310,010,,MCI
US,310,012,Verizon,Verizon Wireless
US,310,013,MobileTel,
US,310,014,,Testing
US,310,016,,Cricket Communications
US,310,017,,North Sight Communications Inc.
US,310,020,,Union Telephone Company
US,310,026,T-Mobile,
US,310,030,Centennial,Centennial Communications
US,310,034,Airpeak,
US,310,040,Concho,"Concho Cellular Telephone Co., Inc."
US,310,046,SIMMETRY,TMP Corp
US,310,060,,Consolidated Telcom
US,310,070,,Highland Cellular
US,310,080,Corr,Corr Wireless Communications LLC
US,310,090,AT&T,AT&T Mobility
US,310,100,Plateau Wireless,New Mexico RSA 4 East Ltd. Partnership
US,310,110,PTI Pacifica,PTI Pacifica Inc.
US,310,120,Sprint,
US,310,150,AT&T,AT&T Mobility
US,310,160,,T-Mobile
US,310,170,,T-Mobile
US,310,180,West Central,West Central Wireless
US,310,190,Dutch Harbor,"Alaska Wireless Communications, LLC"
US,310,200,,T-Mobile
US,310,210,,T-Mobile
US,310,220,,T-Mobile
US,310,230,,T-Mobile
US,310,240,,T-Mobile
US,310,250,,T-Mobile
US,310,260,,T-Mobile
US,310,270,,T-Mobile
US,310,280,,T-Mobile
US,310,290,,T-Mobile
US,310,300,iSmart Mobile,Smart Call (Truphone)
US,310,310,,T-Mobile
US,310,311,,Farmers Wireless
US,310,320,Cellular One,"Smith Bagley, Inc."
US,310,330,T-Mobile,
US,310,340,Westlink,Westlink Communications
US,310,350,,Carolina Phone
US,310,380,AT&T,AT&T Mobility
US,310,390,Cellular One of East Texas,"TX-11 Acquisition, LLC"
US,310,400,i CAN_GSM,Wave Runner LLC (Guam)
US,310,410,AT&T,AT&T Mobility
US,310,420,Cincinnati Bell,Cincinnati Bell Wireless
US,310,430,,Alaska Digitel
US,310,440,Cellular One,
US,310,450,Viaero,Viaero Wireless
US,310,460,Simmetry,TMP Corporation
US,310,470,nTelos,
US,310,480,,Choice Phone
US,310,490,T-Mobile,
US,310,500,Alltel,
US,310,510,Airtel,Airtel Wireless
US,310,520,VeriSign,
US,310,530,,West Virginia Wireless
US,310,540,Oklahoma Western,Oklahoma Western Telephone Company
US,310,560,AT&T,AT&T Mobility
US,310,570,Cellular One,"MTPCS, LLC"
US,310,580,T-Mobile,
US,310,590,Alltel,Alltel Communications Inc
US,310,610,Epic Touch,Elkhart Telephone Co.
US,310,620,Coleman County Telecom,Coleman County Telecommunications
US,310,630,AmeriLink PCS,Choice Wireless
US,310,640,Airadigm,Airadigm Communications
US,310,650,Jasper,"Jasper Wireless, inc"
US,310,660,T-Mobile,
US,310,670,Northstar,
US,310,680,AT&T,AT&T Mobility
US,310,690,Conestoga,Conestoga Wireless Company
US,310,730,SeaMobile,
US,310,740,Convey,Convey Communications Inc.
US,310,760,Panhandle,Panhandle Telecommunications Systems Inc.
US,310,770,i wireless,Iowa Wireless Services
US,310,780,,Airlink PCS
US,310,790,PinPoint,PinPoint Communications
US,310,800,,T-Mobile
US,310,830,Caprock,Caprock Cellular
US,310,840,telna Mobile,"Telecom North America Mobile, Inc."
US,310,850,Aeris,"Aeris Communications, Inc."
US,310,870,PACE,Kaplan Telephone Company
US,310,880,Advantage,Advantage Cellular Systems
US,310,890,Unicel,Rural Cellular Corporation
US,310,900,Mid-Rivers Wireless,Mid-Rivers Communications
US,310,910,First Cellular,First Cellular of Southern Illinois
US,310,940,,Iris Wireless LLC
US,310,950,XIT Wireless,Texas RSA 1 dba XIT Cellular
US,310,960,Plateau Wireless,
US,310,970,Globalstar,
US,310,980,,AT&T Mobility
US,310,990,,AT&T Mobility
US,311,000,,Mid-Tex Cellular
US,311,010,Chariton Valley,Chariton Valley Communications
US,311,020,,Missouri RSA 5 Partnership
US,311,030,,Indigo Wireless
US,311,040,,Commnet Wireless
US,311,050,,Wikes Cellular
US,311,060,Farmers Cellular,Farmers Cellular Telephone
US,311,070,Easterbrooke,Easterbrooke Cellular Corporation
US,311,080,Pine Cellular,Pine Telephone Company
US,311,090,Long Lines Wireless,Long Lines Wireless LLC
US,311,100,,High Plains Wireless
US,311,110,,High Plains Wireless
US,311,120,,Choice Phone
US,311,130,,Cell One Amarillo
US,311,140,Sprocket,MBO Wireless
US,311,150,,Wilkes Cellular
US,311,160,,Endless Mountains Wireless
US,311,170,PetroCom,Broadpoint Inc
US,311,180,,Cingular Wireless
US,311,190,,Cellular Properties
US,311,210,,Emery Telcom Wireless
US,311,220,,U.S. Cellular
US,311,230,,C Spire Wireless
US,311,330,Bug Tussel Wireless,Bug Tussel Wireless
US,311,480,Verizon,Verizon Wireless
US,311,660,metroPCS,metroPCS
US,316,010,Nextel,Nextel Communications
US,316,011,,Southern Communications Services
UY,748,01,Antel,Compania estatal (ANTEL)
UY,748,07,Movistar,Telefónica Móviles Uruguay
UY,748,10,Claro UY,AM Wireless Uruguay S.A.
UZ,434,01,,Buztel
UZ,434,02,,Uzmacom
UZ,434,04,Beeline,Unitel LLC
UZ,434,05,Ucell,Coscom
UZ,434,06,,Perfectum Mobile
UZ,434,07,MTS,Uzdunrobita
VU,541,01,SMILE,Telecom Vanuatu Ltd
VE,734,01,Digitel,Corporacion Digitel C.A.
VE,734,02,Digitel,Corporacion Digitel C.A.
VE,734,03,Digitel,Corporacion Digitel C.A.
VE,734,04,movistar,Telefónica Móviles Venezuela
VE,734,06,Movilnet,Telecomunicaciones Movilnet
VN,452,01,MobiFone,Vietnam Mobile Telecom Services Company (VMS)
VN,452,02,Vinaphone,Vietnam Telecom Services Company
VN,452,03,S-Fone,S-Telecom
VN,452,04,Viettel Mobile,Viettel Telecom
VN,452,05,Vietnamobile,Hanoi Telecom
VN,452,06,EVNTelecom,EVNTelecom - EVN
VN,452,08,3G EVNTelecom,EVNTelecom - EVN
VN,452,07,Beeline VN,GTEL Mobile JSC
YE,421,01,SabaFon,
YE,421,02,MTN,SpaceTel
YE,421,03,Yemen Mobile,Yemen Mobile
YE,421,04,HiTS-UNITEL,Y
ZM,645,01,Airtel,Bharti Airtel
ZM,645,02,MTN,MTN Group
ZM,645,03,ZAMTEL,Zambia Telecommunications Company Ltd
ZW,648,01,Net*One,Net*One Cellular (Pvt) Ltd
ZW,648,03,Telecel,Telecel Zimbabwe (PVT) Ltd
ZW,648,04,Econet,Econet Wireless (Private) Limited
__,901,01,ICO,ICO Satellite Management
__,901,02,,Sense Communications International
__,901,03,Iridium,
__,901,04,Globalstar,
__,901,05,,Thuraya RMSS Network
__,901,06,,Thuraya Satellite Telecommunications Company
__,901,07,Ellipso,
__,901,08,,
__,901,09,,Tele1 Europe
__,901,10,ACeS,
__,901,11,Inmarsat,
__,901,12,Telenor,Maritime Communications Partner AS
__,901,13,GSM.AQ,Global Networks Switzerland Inc.
__,901,14,,AeroMobile AS
__,901,15,,OnAir Switzerland Sarl
__,901,16,,Jasper Systems
__,901,17,Navitas,
__,901,18,Cellular @Sea,AT&T Mobility
__,901,19,,Vodafone Malta Maritime
__,901,21,Seanet,Seanet Maritime Communications
__,901,23,,Beeline
__,901,24,iNum,Voxbone
__,901,26,TIM,Telecom Italia
__,901,29,Telenor,
__,901,32,Sky High,MegaFon
